{
  "Version": "1.0",
  "Parameters": {
    "RuleName": "IAM_PASSWORD_POLICY",
    "SourceRuntime": null,
    "CodeKey": null,
    "InputParameters": "{\"RequireUppercaseCharacters\":\"true\",\"RequireLowercaseCharacters\":\"true\",\"RequireSymbols\":\"true\",\"RequireNumbers\":\"true\",\"MinimumPasswordLength\":\"14\",\"PasswordReusePrevention\":\"24\",\"MaxPasswordAge\":\"90\"}",
    "OptionalParameters": "{}",
    "SourcePeriodic": "TwentyFour_Hours",
    "SourceIdentifier": "IAM_PASSWORD_POLICY",
    "RuleSets": [
      "baseline",
      "rulecriticity:high"
    ]
  }
}